# Cross information for Collaborative Cross (CC) lines inferred from genotypes from Srivastava et al. (2017) doi:10.1534/genetics.116.198838, data at doi:10.5281/zenodo.377036
# nrow 69
# ncol 9
id,A,B,C,D,E,F,G,H
CC001/Unc,2,5,3,1,4,8,6,7
CC002/Unc,7,3,4,8,5,1,2,6
CC003/Unc,5,1,7,2,8,3,6,4
CC004/TauUnc,3,1,8,7,2,6,5,4
CC005/TauUnc,4,1,2,3,6,7,8,5
CC006/TauUnc,7,8,6,1,4,3,2,5
CC007/Unc,2,1,5,3,8,7,6,4
CC008/GeniUnc,8,5,2,1,3,7,4,6
CC009/Unc,5,2,1,7,4,6,8,3
CC010/GeniUnc,1,5,2,7,6,4,8,3
CC011/Unc,5,4,2,6,1,7,8,3
CC012/GeniUnc,2,7,3,6,5,4,8,1
CC013/GeniUnc,5,4,3,6,8,1,7,2
CC015/Unc,1,5,6,7,4,2,8,3
CC016/GeniUnc,8,2,6,5,4,3,7,1
CC017/Unc,3,7,8,1,6,4,5,2
CC018/Unc,2,3,6,1,8,7,5,4
CC019/TauUnc,5,1,2,6,4,8,7,3
CC020/GeniUnc,7,6,8,4,5,1,3,2
CC021/Unc,7,3,6,8,4,5,1,2
CC022/GeniUnc,1,8,4,5,6,2,3,7
CC023/GeniUnc,4,2,8,5,7,6,3,1
CC024/GeniUnc,1,2,6,8,5,3,7,4
CC025/GeniUnc,6,5,3,2,7,8,1,4
CC026/GeniUnc,6,3,4,7,1,8,2,5
CC027/GeniUnc,6,4,3,5,1,7,8,2
CC028/GeniUnc,5,2,4,7,1,3,8,6
CC029/Unc,8,3,4,1,6,7,2,5
CC030/GeniUnc,6,5,1,7,2,8,4,3
CC031/GeniUnc,1,6,5,3,7,2,4,8
CC032/GeniUnc,1,4,2,3,6,5,8,7
CC033/GeniUnc,6,5,3,7,1,2,4,8
CC034/Unc,8,3,7,1,2,5,6,4
CC035/Unc,6,5,7,8,3,2,4,1
CC036/Unc,2,6,3,5,8,1,7,4
CC037/TauUnc,3,4,8,7,6,1,5,2
CC038/GeniUnc,3,5,4,8,7,1,2,6
CC039/Unc,7,3,4,2,1,6,5,8
CC040/TauUnc,4,1,3,5,7,2,6,8
CC041/TauUnc,1,2,4,7,8,3,6,5
CC042/GeniUnc,7,3,5,1,6,8,4,2
CC043/GeniUnc,2,8,1,7,5,3,6,4
CC044/Unc,3,4,6,2,5,8,1,7
CC045/GeniUnc,8,2,6,3,4,5,1,7
CC046/Unc,7,3,4,5,6,8,1,2
CC047/Unc,1,6,4,7,5,2,8,3
CC049/TauUnc,2,8,3,1,5,4,7,6
CC050/Unc,7,8,2,4,3,1,6,5
CC051/TauUnc,1,2,4,7,8,5,6,3
CC052/GeniUnc,8,7,6,3,4,2,1,5
CC053/Unc,6,3,1,5,2,7,8,4
CC055/TauUnc,7,1,5,8,4,6,2,3
CC056/GeniUnc,3,8,1,7,5,4,6,2
CC057/Unc,6,8,4,1,7,3,2,5
CC058/Unc,3,7,4,8,5,2,1,6
CC059/TauUnc,1,2,4,6,5,8,7,3
CC060/Unc,5,1,6,4,7,3,8,2
CC061/GeniUnc,4,3,5,2,8,1,7,6
CC062/Unc,6,8,7,2,4,3,1,5
CC063/Unc,6,8,5,2,3,4,7,1
CC065/Unc,2,4,8,5,7,3,1,6
CC068/TauUnc,7,1,3,5,4,6,8,2
CC070/TauUnc,7,8,6,3,4,2,1,5
CC071/TauUnc,3,8,4,6,7,1,5,2
CC072/TauUnc,1,7,2,8,3,4,6,5
CC073/Unc,2,5,1,3,8,4,6,7
CC074/Unc,7,8,2,1,6,5,3,4
CC075/Unc,5,2,6,7,3,8,4,1
CC076/Unc,3,4,8,5,2,7,6,1
